radius_mean,texture_mean,perimeter_mean,area_mean,smoothness_mean,compactness_mean,concavity_mean,concave points_mean,symmetry_mean,fractal_dimension_mean,radius_se,texture_se,perimeter_se,area_se,smoothness_se,compactness_se,concavity_se,concave points_se,symmetry_se,fractal_dimension_se,radius_worst,texture_worst,perimeter_worst,area_worst,smoothness_worst,compactness_worst,concavity_worst,concave points_worst,symmetry_worst,fractal_dimension_worst
14.127291739894552,19.289648506151142,91.96903339191564,654.8891036906855,0.0963602811950791,0.10434098418277679,0.0887993158172232,0.04891914586994728,0.18116186291739894,0.06279760984182776,0.40517205623901575,1.2168534270650264,2.8660592267135327,40.337079086116,0.007040978910369069,0.025478138840070295,0.03189371634446397,0.011796137082601054,0.02054229876977153,0.0037949038664323374,16.269189806678387,25.677223198594024,107.26121265377857,880.5831282952548,0.13236859402460457,0.25426504393673116,0.27218848330404216,0.11460622319859401,0.2900755711775044,0.0839458172231986
3.5240488262120775,4.301035768166949,24.298981038754906,351.914129181653,0.01406412813767362,0.052812757932512194,0.07971980870789348,0.038802844859153605,0.027414281336035715,0.007060362795084459,0.2773127329861039,0.5516483926172023,2.0218545540421076,45.49100551613181,0.0030025179438390656,0.017908179325677388,0.03018606032298841,0.006170285174046869,0.008266371528798399,0.002646070967089195,4.833241580469323,6.146257623038319,33.602542269036356,569.356992669949,0.022832429404835465,0.157336488913742,0.2086242806081323,0.06573234119594207,0.061867467537518685,0.018061267348893986
